Id,Type,Title,LibraryId,VizClass,IsExtensionMissing,IsMasterVisualization,Name,SheetName,SheetId,CalcTime,BookmarkApplied,NumOfColumns,NumOfRows,UseCount,CalcConditionUnfulfilled,QsdaVersion,MetaId
vJXJsrU,tv-proforma-slider-qlik,,,Extension,True,False,tv-proforma-slider-qlik / [no title] (vJXJsrU),Proforma Slider,JRQyry,0,,0,0,1,False,3.4.5,7952
29555a4d-0644-40c8-a338-c00c8adbf1d2,listbox,Channel,,Native,False,True,listbox / Channel (29555a4d-0644-40c8-a338-c00c8adbf1d2),<Master Library>,,0.007,,0,0,0,False,3.4.5,7953
jHvVThG,filterpane,Channel Filter,adb48b95-3850-41b6-b274-efd3ad9308ed,Native,False,True,filterpane / Channel Filter (jHvVThG),Selections,625a939d-ebc6-4a62-8eca-4facc707655d,0,,0,0,1,False,3.4.5,7955
23adf42a-760b-4ae0-8532-e3dc511bae41,listbox,Loan Type,,Native,False,True,listbox / Loan Type (23adf42a-760b-4ae0-8532-e3dc511bae41),<Master Library>,,0.001,,0,0,0,False,3.4.5,7957
mTJzj,filterpane,Loan Type Filter,97ed83ef-85b8-497e-bd84-dacb5ae85756,Native,False,True,filterpane / Loan Type Filter (mTJzj),Selections,625a939d-ebc6-4a62-8eca-4facc707655d,0,,0,0,1,False,3.4.5,7959
VYd,text-image,,,Native,False,False,text-image / [no title] (VYd),Selections,625a939d-ebc6-4a62-8eca-4facc707655d,0.002,,0,1,1,False,3.4.5,7960
413d3c5e-88e5-463e-837f-597602514e8b,listbox,Loan Purpose,,Native,False,True,listbox / Loan Purpose (413d3c5e-88e5-463e-837f-597602514e8b),<Master Library>,,0.002,,0,0,0,False,3.4.5,7961
mwkmFg,filterpane,Loan Purpose Filter,eba62b02-eb7b-4b9a-9067-dcf8ead1998a,Native,False,True,filterpane / Loan Purpose Filter (mwkmFg),Selections,625a939d-ebc6-4a62-8eca-4facc707655d,0,,0,0,1,False,3.4.5,7963
ed4d2a12-0af5-4e99-9f59-989a3c56243e,listbox,Branch,,Native,False,True,listbox / Branch (ed4d2a12-0af5-4e99-9f59-989a3c56243e),<Master Library>,,0.001,,0,0,0,False,3.4.5,7964
XzCwhe,filterpane,Branch Filter,7b0f0da5-0fc1-454b-8f51-504374b1ea44,Native,False,True,filterpane / Branch Filter (XzCwhe),Selections,625a939d-ebc6-4a62-8eca-4facc707655d,0,,0,0,1,False,3.4.5,7966
a2170a77-ad2a-4abd-be8b-ec3d3627feed,listbox,Encompass Instance,,Native,False,True,listbox / Encompass Instance (a2170a77-ad2a-4abd-be8b-ec3d3627feed),<Master Library>,,0.001,,0,0,0,False,3.4.5,7967
LYeyDG,filterpane,Encompass Instance Filter,20444f22-04ef-4892-ad28-e794da448451,Native,False,True,filterpane / Encompass Instance Filter (LYeyDG),Selections,625a939d-ebc6-4a62-8eca-4facc707655d,0,,0,0,1,False,3.4.5,7969
e9c11a9e-b87b-4640-8a0a-58e37c185112,listbox,Product Type,,Native,False,True,listbox / Product Type (e9c11a9e-b87b-4640-8a0a-58e37c185112),<Master Library>,,0.002,,0,0,0,False,3.4.5,7970
LsUAMvw,filterpane,Product Type Filter,b4a6019c-77b0-484f-9b09-f2d7602dc71f,Native,False,True,filterpane / Product Type Filter (LsUAMvw),Selections,625a939d-ebc6-4a62-8eca-4facc707655d,0,,0,0,1,False,3.4.5,7971
857ce82d-1855-4edf-aacc-542c7b492efc,listbox,Occupancy Type,,Native,False,True,listbox / Occupancy Type (857ce82d-1855-4edf-aacc-542c7b492efc),<Master Library>,,0.001,,0,0,0,False,3.4.5,7973
fepkQq,filterpane,Occupancy Type Filter,425b4761-03b2-40ff-8d3e-464eeacd0baa,Native,False,True,filterpane / Occupancy Type Filter (fepkQq),Selections,625a939d-ebc6-4a62-8eca-4facc707655d,0,,0,0,1,False,3.4.5,7974
e85ea7d6-d694-46a4-b4ee-31b03a548d46,listbox,Current Loan Status,,Native,False,True,listbox / Current Loan Status (e85ea7d6-d694-46a4-b4ee-31b03a548d46),<Master Library>,,0.003,,0,0,0,False,3.4.5,7976
JMrvYeM,filterpane,Current Loan Status Filter,796d6f9a-aff0-469f-b7d3-c64a0ba16606,Native,False,True,filterpane / Current Loan Status Filter (JMrvYeM),Selections,625a939d-ebc6-4a62-8eca-4facc707655d,0,,0,0,1,False,3.4.5,7978
f8de35e2-f1ba-49ac-b103-fbb8dd597b00,listbox,Locked Flag,,Native,False,True,listbox / Locked Flag (f8de35e2-f1ba-49ac-b103-fbb8dd597b00),<Master Library>,,0.002,,0,0,0,False,3.4.5,7979
QZQMFmN,filterpane,Locked Flag Filter,07058992-51ca-4a23-b5a5-4557c76da4b5,Native,False,True,filterpane / Locked Flag Filter (QZQMFmN),Selections,625a939d-ebc6-4a62-8eca-4facc707655d,0,,0,0,1,False,3.4.5,7981
b6862eb7-984d-4bc9-ae8e-5e16d7cfebef,listbox,Loan Officer,,Native,False,True,listbox / Loan Officer (b6862eb7-984d-4bc9-ae8e-5e16d7cfebef),<Master Library>,,0.001,,0,0,0,False,3.4.5,7982
uYpmJ,filterpane,Loan Officer Filter,e697c6a0-56e1-4fc1-b17e-e64d29d2fc40,Native,False,True,filterpane / Loan Officer Filter (uYpmJ),Selections,625a939d-ebc6-4a62-8eca-4facc707655d,0,,0,0,1,False,3.4.5,7984
5bb7e4cd-9bdc-40bf-9ceb-04d77abf95a5,listbox,Account Executive,,Native,False,True,listbox / Account Executive (5bb7e4cd-9bdc-40bf-9ceb-04d77abf95a5),<Master Library>,,0.001,,0,0,0,False,3.4.5,7986
XJDZj,filterpane,Account Executive Filter,0eabfa37-7263-48c6-a56d-269cf1530a62,Native,False,True,filterpane / Account Executive Filter (XJDZj),Selections,625a939d-ebc6-4a62-8eca-4facc707655d,0,,0,0,1,False,3.4.5,7987
c1082e99-b2ff-45af-a0da-0efefbcf88af,listbox,Broker Lender Name,,Native,False,True,listbox / Broker Lender Name (c1082e99-b2ff-45af-a0da-0efefbcf88af),<Master Library>,,0.001,,0,0,0,False,3.4.5,7989
mmJTfWB,filterpane,Broker Lender Name Filter,20f9c865-882f-4d5d-b307-57d8f37208c2,Native,False,True,filterpane / Broker Lender Name Filter (mmJTfWB),Selections,625a939d-ebc6-4a62-8eca-4facc707655d,0,,0,0,1,False,3.4.5,7990
31a08ae7-7dc2-4713-b19b-197f808d3574,listbox,Retail Channels,,Native,False,True,listbox / Retail Channels (31a08ae7-7dc2-4713-b19b-197f808d3574),<Master Library>,,0.002,,0,0,0,False,3.4.5,7991
mvBGUfm,filterpane,Retail Channel Filter,8931578e-fbeb-41ca-abf4-b8e61547ae5c,Native,False,True,filterpane / Retail Channel Filter (mvBGUfm),Selections,625a939d-ebc6-4a62-8eca-4facc707655d,0,,0,0,1,False,3.4.5,7992
8ac0e94c-2af4-491b-8c0a-42b697eb9801,listbox,TPO Channels,,Native,False,True,listbox / TPO Channels (8ac0e94c-2af4-491b-8c0a-42b697eb9801),<Master Library>,,0.001,,0,0,0,False,3.4.5,7995
NNKRDJ,filterpane,TPO Channels Filter,2a5d777f-0199-41a5-a3e0-51a5d64fd996,Native,False,True,filterpane / TPO Channels Filter (NNKRDJ),Selections,625a939d-ebc6-4a62-8eca-4facc707655d,0,,0,0,1,False,3.4.5,7996
9e3b2bd5-9ab1-4461-a0fa-5e39cbda1eb3,listbox,Originator Loan Officer Name,,Native,False,True,listbox / Originator Loan Officer Name (9e3b2bd5-9ab1-4461-a0fa-5e39cbda1eb3),<Master Library>,,0.002,,0,0,0,False,3.4.5,7998
ezFDJ,filterpane,Originator Loan Officer Name Filter,10be0818-129d-4ba4-a06d-c8bb634a92c2,Native,False,True,filterpane / Originator Loan Officer Name Filter (ezFDJ),Selections,625a939d-ebc6-4a62-8eca-4facc707655d,0,,0,0,1,False,3.4.5,7999
b400d49b-b369-408e-88f4-a9241e01f396,listbox,Loan Program,,Native,False,True,listbox / Loan Program (b400d49b-b369-408e-88f4-a9241e01f396),<Master Library>,,0.001,,0,0,0,False,3.4.5,8001
wkQEqPj,filterpane,Loan Program Filter,eb2d87b9-314a-48d5-9015-3a272aa16b0d,Native,False,True,filterpane / Loan Program Filter (wkQEqPj),Selections,625a939d-ebc6-4a62-8eca-4facc707655d,0,,0,0,1,False,3.4.5,8002
nShZjf,text-image,,,Native,False,False,text-image / [no title] (nShZjf),Selections,625a939d-ebc6-4a62-8eca-4facc707655d,0.002,,0,1,1,False,3.4.5,8003
YJjbmWX,qlik-date-picker,Funding Date Calendar,33bb7cf9-51df-4952-b460-7cdb85db5ad3,Extension,False,True,qlik-date-picker / Funding Date Calendar (YJjbmWX),Selections,625a939d-ebc6-4a62-8eca-4facc707655d,0,,0,0,1,False,3.4.5,8005
rwkUQUJ,qlik-date-picker,Closing Date Calendar,a54d6958-dbd4-4d41-9d02-13dfbf757329,Extension,False,True,qlik-date-picker / Closing Date Calendar (rwkUQUJ),Selections,625a939d-ebc6-4a62-8eca-4facc707655d,0,,0,0,1,False,3.4.5,8007
dwJmR,qlik-date-picker,Application Date Calendar,30fc3a03-df73-4ed6-9c9a-7e6b0f6ac6d4,Extension,False,True,qlik-date-picker / Application Date Calendar (dwJmR),Selections,625a939d-ebc6-4a62-8eca-4facc707655d,0,,0,0,1,False,3.4.5,8008
dzsBUqY,qlik-date-picker,Registration Date Calendar,5889415f-25b4-461a-9515-e24d424f2d82,Extension,False,True,qlik-date-picker / Registration Date Calendar (dzsBUqY),Selections,625a939d-ebc6-4a62-8eca-4facc707655d,0,,0,0,1,False,3.4.5,8010
BWpeEsQ,qlik-date-picker,Current Status Date Calendar,8196210f-b21c-435e-82ab-b224f13c9d0b,Extension,False,True,qlik-date-picker / Current Status Date Calendar (BWpeEsQ),Selections,625a939d-ebc6-4a62-8eca-4facc707655d,0,,0,0,1,False,3.4.5,8011
qqEGSZU,text-image,,,Native,False,False,text-image / [no title] (qqEGSZU),Selections,625a939d-ebc6-4a62-8eca-4facc707655d,0.003,,0,1,1,False,3.4.5,8013
hQU,qlik-variable-input,Date Toggle,18911201-6067-454c-91be-ddf02b94def5,Extension,False,True,qlik-variable-input / Date Toggle (hQU),Selections,625a939d-ebc6-4a62-8eca-4facc707655d,0,,0,0,1,False,3.4.5,8015
QtYxPZ,qlik-variable-input,Date Type Toggle,97a661cb-f127-4db4-ae23-b05a8bb14406,Extension,False,True,qlik-variable-input / Date Type Toggle (QtYxPZ),Selections,625a939d-ebc6-4a62-8eca-4facc707655d,0,,0,0,1,False,3.4.5,8016
nxdXxn,qlik-variable-input,Status Toggle,4f8f4431-e7d4-419c-9510-5baa949fc251,Extension,False,True,qlik-variable-input / Status Toggle (nxdXxn),Selections,625a939d-ebc6-4a62-8eca-4facc707655d,0,,0,0,1,False,3.4.5,8018
DHpkuz,qlik-variable-input,Scorecard Measure Toggle,d92361d6-a73f-45b1-bb63-deb19ba7ed8d,Extension,False,True,qlik-variable-input / Scorecard Measure Toggle (DHpkuz),Selections,625a939d-ebc6-4a62-8eca-4facc707655d,0,,0,0,1,False,3.4.5,8019
3c5a0463-8b14-451f-96cc-76eb99f8d00f,barchart,"=if(GetSelectedCount(Branch)=0,'Branch',GetFieldSelections(Branch,'; '))",2e1b72ee-24c1-4ec7-bf8c-361999a4334f,Native,False,True,"barchart / =if(GetSelectedCount(Branch)=0,'Branch',GetFieldSelections(Branch,'; ')) (3c5a0463-8b14-451f-96cc-76eb99f8d00f)",Loan Officer Contribution,0ef4d987-d492-44f9-90b4-81b560a08127,0.007,,0,0,1,False,3.4.5,8021
CJPeeeU,sn-text,Loan Officer KPI,1ddf44bc-6a1f-4891-86ae-e98a6bd2e7e8,Extension,False,True,sn-text / Loan Officer KPI (CJPeeeU),Loan Officer Contribution,0ef4d987-d492-44f9-90b4-81b560a08127,0.004,,0,0,1,False,3.4.5,8022
SAGT,table,Revenue Contribution,aad7e762-a8cc-4d4a-b3c4-de3f7ec146e0,Native,False,True,table / Revenue Contribution (SAGT),Loan Officer Contribution,0ef4d987-d492-44f9-90b4-81b560a08127,0.009,,0,0,1,False,3.4.5,8024
djkwrg,CustomSheetMenu,,,Extension,True,False,CustomSheetMenu / [no title] (djkwrg),Loan Officer Contribution,0ef4d987-d492-44f9-90b4-81b560a08127,0,,0,0,1,False,3.4.5,8026
f7d58040-3eef-4c1c-97d7-be72863a3205,qlik-variable-input,Select Date Range,eb2d4975-139c-4f02-b43b-1ea0cf2865b5,Extension,False,True,qlik-variable-input / Select Date Range (f7d58040-3eef-4c1c-97d7-be72863a3205),Contribution Drill Down,1cf61a17-47c7-4951-b698-afbd072dfc16,0,,0,0,1,False,3.4.5,8027
XXFeaEA,pivot-table,"='Drill Down: Branch, '&
If(WildMatch(Concat([Consolidated Channels],','),'*Retail*') AND WildMatch(Concat([Consolidated Channels],','),'*TPO*'),'LO & AE',
			If(WildMatch(Concat([Consolidated Channels],','),'*Retail*'),'Loan Officer','Account Executive'))&
', Loan Type, Loan Purpose'",8119dd60-1370-4531-a725-32e7a5a192c5,Native,False,True,"pivot-table / ='Drill Down: Branch, '&
If(WildMatch(Concat([Consolidated Channels],','),'*Retail*') AND WildMatch(Concat([Consolidated Channels],','),'*TPO*'),'LO & AE',
			If(WildMatch(Concat([Consolidated Channels],','),'*Retail*'),'Loan Officer','Account Executive'))&
', Loan Type, Loan Purpose' (XXFeaEA)",Contribution Drill Down,1cf61a17-47c7-4951-b698-afbd072dfc16,0.008,,0,0,1,False,3.4.5,8029
sPZJzt,CustomSheetMenu,,,Extension,True,False,CustomSheetMenu / [no title] (sPZJzt),Contribution Drill Down,1cf61a17-47c7-4951-b698-afbd072dfc16,0,,0,0,1,False,3.4.5,8031
GgAmSD,table,=Upper('$(vChannelGroup)')&': Scorecard Detail',17120b72-a4db-451c-b744-de9e714741ac,Native,False,True,table / =Upper('$(vChannelGroup)')&': Scorecard Detail' (GgAmSD),Scorecard Detail,1e526184-43c3-427e-ba2c-7c8606b137c0,0.022,,0,0,1,False,3.4.5,8033
KzGWGaj,qlik-variable-input,Choose A Channel,a56ba784-c579-4090-b6a2-a99dd551b19f,Extension,False,True,qlik-variable-input / Choose A Channel (KzGWGaj),Scorecard Detail,1e526184-43c3-427e-ba2c-7c8606b137c0,0,,0,0,1,False,3.4.5,8035
KUYqDCw,qlik-variable-input,Choose Scorecard View,38535ffa-4d93-456d-b274-6d146c00cca8,Extension,False,True,qlik-variable-input / Choose Scorecard View (KUYqDCw),Scorecard Detail,1e526184-43c3-427e-ba2c-7c8606b137c0,0,,0,0,1,False,3.4.5,8036
UYjLp,CustomSheetMenu,,,Extension,True,False,CustomSheetMenu / [no title] (UYjLp),Scorecard Detail,1e526184-43c3-427e-ba2c-7c8606b137c0,0,,0,0,1,False,3.4.5,8038
aadc36e4-ebc5-405d-8fc9-50d91b5a44a1,qlik-variable-input,Select Date Range,3b5fff68-9206-4fcf-a14c-8a53f5ff7246,Extension,False,True,qlik-variable-input / Select Date Range (aadc36e4-ebc5-405d-8fc9-50d91b5a44a1),Loan Detail by Date Range,6a065316-4265-4c3b-a4b3-7431258b9087,0,,0,0,1,False,3.4.5,8040
jEpWjTx,table,Loan Detail,156a10b2-e931-4749-983c-4b8850889669,Native,False,True,table / Loan Detail (jEpWjTx),Loan Detail by Date Range,6a065316-4265-4c3b-a4b3-7431258b9087,0.014,,0,0,1,False,3.4.5,8042
vqjY,CustomSheetMenu,,,Extension,True,False,CustomSheetMenu / [no title] (vqjY),Loan Detail by Date Range,6a065316-4265-4c3b-a4b3-7431258b9087,0,,0,0,1,False,3.4.5,8044
HbPjffJ,kpi,"=If(vMarginToDate = 'MTD','Month To Date',
	If(vMarginToDate = 'Previous Month Flag','Last Month',
    	If(vMarginToDate = 'QTD','Quarter To Date',
        	If(vMarginToDate = 'YTD Flag','Year To Date',
            	If(vMarginToDate = 'All Time','All Time',
                	If(vMarginToDate = 'Year Previous','Last Year'))))))",a49251bb-891e-42d4-818d-190312eb14c1,Native,False,True,"kpi / =If(vMarginToDate = 'MTD','Month To Date',
	If(vMarginToDate = 'Previous Month Flag','Last Month',
    	If(vMarginToDate = 'QTD','Quarter To Date',
        	If(vMarginToDate = 'YTD Flag','Year To Date',
            	If(vMarginToDate = 'All Time','All Time',
                	If(vMarginToDate = 'Year Previous','Last Year')))))) (HbPjffJ)",Margin Dashboard,6c1f40ca-a0a3-49d7-b920-42a482549eb4,0.004,,0,0,1,False,3.4.5,8045
QPPBN,kpi,"=If(vMarginToDate = 'MTD','Month To Date',
	If(vMarginToDate = 'Previous Month Flag','Last Month',
    	If(vMarginToDate = 'QTD','Quarter To Date',
        	If(vMarginToDate = 'YTD Flag','Year To Date',
            	If(vMarginToDate = 'All Time','All Time',
                	If(vMarginToDate = 'Year Previous','Last Year'))))))",2de4b59b-64a3-4263-8fd6-791c6b2e8b6b,Native,False,True,"kpi / =If(vMarginToDate = 'MTD','Month To Date',
	If(vMarginToDate = 'Previous Month Flag','Last Month',
    	If(vMarginToDate = 'QTD','Quarter To Date',
        	If(vMarginToDate = 'YTD Flag','Year To Date',
            	If(vMarginToDate = 'All Time','All Time',
                	If(vMarginToDate = 'Year Previous','Last Year')))))) (QPPBN)",Margin Dashboard,6c1f40ca-a0a3-49d7-b920-42a482549eb4,0.005,,0,0,1,False,3.4.5,8047
jpujW,kpi,"=If(vMarginToDate = 'MTD','Month To Date',
	If(vMarginToDate = 'Previous Month Flag','Last Month',
    	If(vMarginToDate = 'QTD','Quarter To Date',
        	If(vMarginToDate = 'YTD Flag','Year To Date',
            	If(vMarginToDate = 'All Time','All Time',
                	If(vMarginToDate = 'Year Previous','Last Year'))))))",b45a28aa-f143-415c-b9d6-5fdc9c484621,Native,False,True,"kpi / =If(vMarginToDate = 'MTD','Month To Date',
	If(vMarginToDate = 'Previous Month Flag','Last Month',
    	If(vMarginToDate = 'QTD','Quarter To Date',
        	If(vMarginToDate = 'YTD Flag','Year To Date',
            	If(vMarginToDate = 'All Time','All Time',
                	If(vMarginToDate = 'Year Previous','Last Year')))))) (jpujW)",Margin Dashboard,6c1f40ca-a0a3-49d7-b920-42a482549eb4,0.006,,0,0,1,False,3.4.5,8048
mzPTuj,kpi,"=If(vMarginToDate = 'MTD','Month To Date',
	If(vMarginToDate = 'Previous Month Flag','Last Month',
    	If(vMarginToDate = 'QTD','Quarter To Date',
        	If(vMarginToDate = 'YTD Flag','Year To Date',
            	If(vMarginToDate = 'All Time','All Time',
                	If(vMarginToDate = 'Year Previous','Last Year'))))))",79c5fc91-2683-4385-9bec-0161cddff3f7,Native,False,True,"kpi / =If(vMarginToDate = 'MTD','Month To Date',
	If(vMarginToDate = 'Previous Month Flag','Last Month',
    	If(vMarginToDate = 'QTD','Quarter To Date',
        	If(vMarginToDate = 'YTD Flag','Year To Date',
            	If(vMarginToDate = 'All Time','All Time',
                	If(vMarginToDate = 'Year Previous','Last Year')))))) (mzPTuj)",Margin Dashboard,6c1f40ca-a0a3-49d7-b920-42a482549eb4,0.005,,0,0,1,False,3.4.5,8050
JLqtakx,qlik-variable-input,Select an Actor,3f268ca1-a9d0-4fe3-aca1-a39cf3212392,Extension,False,True,qlik-variable-input / Select an Actor (JLqtakx),Margin Dashboard,6c1f40ca-a0a3-49d7-b920-42a482549eb4,0,,0,0,1,False,3.4.5,8052
nTNuqbJ,qlik-variable-input,Select a Channel,9fdcf962-a2e8-4f3a-b175-ebcdd1ec27ed,Extension,False,True,qlik-variable-input / Select a Channel (nTNuqbJ),Margin Dashboard,6c1f40ca-a0a3-49d7-b920-42a482549eb4,0,,0,0,1,False,3.4.5,8053
rerzA,qlik-variable-input,Select an Entity,b66c5701-3899-46f3-ad20-ccd2d840032a,Extension,False,True,qlik-variable-input / Select an Entity (rerzA),Margin Dashboard,6c1f40ca-a0a3-49d7-b920-42a482549eb4,0,,0,0,1,False,3.4.5,8054
546199db-7f9b-49e7-87c9-fb2b222bbe5d,table,"=chr(160)&chr(160)&'$(vScorecardActor) Report: '&pick(match(vLock,'No','Yes','*'),'Active Locked Loans','Active Not Locked Loans','Active Total Loans')",fbda6264-6d78-4d77-a988-796c9e67647d,Native,False,True,"table / =chr(160)&chr(160)&'$(vScorecardActor) Report: '&pick(match(vLock,'No','Yes','*'),'Active Locked Loans','Active Not Locked Loans','Active Total Loans') (546199db-7f9b-49e7-87c9-fb2b222bbe5d)",<Master Library>,,0.013,,0,0,0,False,3.4.5,8055
877bc601-d8e5-42d0-ba73-04beed83a959,table,=chr(160)&chr(160)&'Funded Loan: $(vScorecardActor) Report',9b60cf0b-d1bd-487c-ab8f-253a8731cb00,Native,False,True,table / =chr(160)&chr(160)&'Funded Loan: $(vScorecardActor) Report' (877bc601-d8e5-42d0-ba73-04beed83a959),<Master Library>,,0.011,,0,0,0,False,3.4.5,8060
3f2cd8bf-bae0-4d1c-ab74-4402ae243b40,table,"=chr(160)&chr(160)&pick(match(vLock,'No','Yes','*'),'Active Locked Loans','Active Not Locked Loans','Active Total Loans')&' Detail'",e4274e27-f6b9-4c9b-8807-bb5c4046934b,Native,False,True,"table / =chr(160)&chr(160)&pick(match(vLock,'No','Yes','*'),'Active Locked Loans','Active Not Locked Loans','Active Total Loans')&' Detail' (3f2cd8bf-bae0-4d1c-ab74-4402ae243b40)",<Master Library>,,0.018,,0,0,0,False,3.4.5,8066
6270beed-adf4-4e38-971d-ec3613474887,table,=chr(160)&chr(160)&'Funded Loan Detail',fcd36c0c-477b-4b57-b0ce-40806c22906b,Native,False,True,table / =chr(160)&chr(160)&'Funded Loan Detail' (6270beed-adf4-4e38-971d-ec3613474887),<Master Library>,,0.013,,0,0,0,False,3.4.5,8073
cCcJYP,container,Loan Officer Report Container,c13a703d-1aef-4417-9a5c-ce8fd3cb674b,Native,False,True,container / Loan Officer Report Container (cCcJYP),Margin Dashboard,6c1f40ca-a0a3-49d7-b920-42a482549eb4,0.003,,0,0,1,False,3.4.5,8074
sBLPuaA,CustomSheetMenu,,,Extension,True,False,CustomSheetMenu / [no title] (sBLPuaA),Margin Dashboard,6c1f40ca-a0a3-49d7-b920-42a482549eb4,0,,0,0,1,False,3.4.5,8076
jBpRNX,table,Loan Detail,ff4a477d-abd0-4b04-b7e7-858e7229ca46,Native,False,True,table / Loan Detail (jBpRNX),Loan Detail: Last Year & Current YTD,9b36a80a-e0ed-4d53-b915-8c3d52b4afcf,0.015,,0,0,1,False,3.4.5,8078
JLLDSWv,CustomSheetMenu,,,Extension,True,False,CustomSheetMenu / [no title] (JLLDSWv),Loan Detail: Last Year & Current YTD,9b36a80a-e0ed-4d53-b915-8c3d52b4afcf,0,,0,0,1,False,3.4.5,8079
168bf34f-76b4-4a42-8bf0-03f05f2ab18e,barchart,"='$(vProgramMeasure) By Program Categories'
",cc119634-ab87-476e-b8e0-933068411c2f,Native,False,True,"barchart / ='$(vProgramMeasure) By Program Categories'
 (168bf34f-76b4-4a42-8bf0-03f05f2ab18e)",Program Quality,dff4b18d-a681-432d-a37a-3ccff5b42ad1,0.018,,2,0,1,False,3.4.5,8081
e8fe48ea-58f3-4c93-9203-fda08b06fb12,barchart,='$(vProgramMeasure) By Doc Type',0e76f565-490c-4000-b883-62fb5c20be92,Native,False,True,barchart / ='$(vProgramMeasure) By Doc Type' (e8fe48ea-58f3-4c93-9203-fda08b06fb12),Program Quality,dff4b18d-a681-432d-a37a-3ccff5b42ad1,0.005,,1,1,1,False,3.4.5,8082
2f131019-32fd-4592-9bb4-b836d9d49a17,piechart,='$(vProgramMeasure) By Loan Purpose',1ca21055-e397-46de-b50d-0ace06ec4509,Native,False,True,piechart / ='$(vProgramMeasure) By Loan Purpose' (2f131019-32fd-4592-9bb4-b836d9d49a17),<Master Library>,,0.005,,2,0,0,False,3.4.5,8086
549a3d29-de88-4904-b40f-5d26d0dcbbc9,piechart,='$(vProgramMeasure) By Loan Type',b0bd0cf9-8c11-4d87-8c1b-84edc6c59ea8,Native,False,True,piechart / ='$(vProgramMeasure) By Loan Type' (549a3d29-de88-4904-b40f-5d26d0dcbbc9),<Master Library>,,0.006,,2,0,0,False,3.4.5,8090
a41731da-8c9b-4cc7-8f4f-f8e003eb77b3,container,Volume By Loan Purpose,8a5438cf-7455-4fea-8365-d86e20dbbc95,Native,False,True,container / Volume By Loan Purpose (a41731da-8c9b-4cc7-8f4f-f8e003eb77b3),Program Quality,dff4b18d-a681-432d-a37a-3ccff5b42ad1,0.002,,0,0,1,False,3.4.5,8092
VdjCyb,table,"'$(vProgramMeasure) By '&If('$(vProgramDimension)'='Loan Program','Programs',If('$(vProgramDimension)'='Investor','Investors','Categories'))",7d92a9f8-d183-4c74-a07e-eb16ed359f3e,Native,False,True,"table / '$(vProgramMeasure) By '&If('$(vProgramDimension)'='Loan Program','Programs',If('$(vProgramDimension)'='Investor','Investors','Categories')) (VdjCyb)",Program Quality,dff4b18d-a681-432d-a37a-3ccff5b42ad1,0.023,,12,0,1,False,3.4.5,8094
AYjRzr,barchart,Interest Rates,5be063b6-a9c5-4d4b-b66e-b1bf55b79b56,Native,False,True,barchart / Interest Rates (AYjRzr),Program Quality,dff4b18d-a681-432d-a37a-3ccff5b42ad1,0.005,,1,1,1,False,3.4.5,8095
gZURYL,qlik-variable-input,Select Measure,f1672b79-7e8b-4d2b-ae2f-dd6d31a6b195,Extension,False,True,qlik-variable-input / Select Measure (gZURYL),Program Quality,dff4b18d-a681-432d-a37a-3ccff5b42ad1,0,,0,0,1,False,3.4.5,8097
wmjcR,qlik-variable-input,Select Programs,0f768ea8-e261-4ad4-87d9-ff9b80161046,Extension,False,True,qlik-variable-input / Select Programs (wmjcR),Program Quality,dff4b18d-a681-432d-a37a-3ccff5b42ad1,0,,0,0,1,False,3.4.5,8098
Yfnqc,CustomSheetMenu,,,Extension,True,False,CustomSheetMenu / [no title] (Yfnqc),Program Quality,dff4b18d-a681-432d-a37a-3ccff5b42ad1,0,,0,0,1,False,3.4.5,8100
9afb151d-16b9-4ff6-9363-abbad954ccba,barchart,"=if(GetSelectedCount(Branch)=0,'Branch',GetFieldSelections(Branch,'; '))",5222d2f2-a1d6-4434-85b4-a1dcc056ba8a,Native,False,True,"barchart / =if(GetSelectedCount(Branch)=0,'Branch',GetFieldSelections(Branch,'; ')) (9afb151d-16b9-4ff6-9363-abbad954ccba)",Contribution Overview,efe7081f-49b4-48f7-a30f-533b8a4d93f0,0.018,,0,0,1,False,3.4.5,8101
86b437d2-fd92-4d49-adb8-7271b37ab900,barchart,"If(WildMatch(Concat([Consolidated Channels],','),'*Retail*') AND WildMatch(Concat([Consolidated Channels],','),'*TPO*'),'LO & AE',
			If(WildMatch(Concat([Consolidated Channels],','),'*Retail*'),'Loan Officer','Account Executive'))",cc476d2f-cb9e-4c92-917a-1610974014ed,Native,False,True,"barchart / If(WildMatch(Concat([Consolidated Channels],','),'*Retail*') AND WildMatch(Concat([Consolidated Channels],','),'*TPO*'),'LO & AE',
			If(WildMatch(Concat([Consolidated Channels],','),'*Retail*'),'Loan Officer','Account Executive')) (86b437d2-fd92-4d49-adb8-7271b37ab900)",Contribution Overview,efe7081f-49b4-48f7-a30f-533b8a4d93f0,0.016,,0,0,1,False,3.4.5,8103
ed11d739-8025-4154-a3ca-a659f5456347,qlik-variable-input,Select Measure,1afb25ca-fcc6-4fe5-932c-caae4df5a1fa,Extension,False,True,qlik-variable-input / Select Measure (ed11d739-8025-4154-a3ca-a659f5456347),Contribution Overview,efe7081f-49b4-48f7-a30f-533b8a4d93f0,0,,0,0,1,False,3.4.5,8104
541a602e-f1f6-4481-8067-b133d5420773,qlik-variable-input,Select Date Range,0606b1d2-3ebd-4c25-9244-6a5b776168e4,Extension,False,True,qlik-variable-input / Select Date Range (541a602e-f1f6-4481-8067-b133d5420773),Contribution Overview,efe7081f-49b4-48f7-a30f-533b8a4d93f0,0,,0,0,1,False,3.4.5,8106
377d0b77-201f-44ab-a31b-dc2e5f25ef49,kpi,"=	if(vToDate='Today Flag', 'Today',
	if(vToDate='Yesterday Flag', 'Yesterday',
	if(vToDate='Last Week Flag', 'Last Week', 
    if(vToDate='MTD', 'Month to Date', 
    if(vToDate='Previous Month Flag', 'Last Month', 
    if(vToDate='YTD Flag', 'Year to Date','Last Year'))))))",f9fb1953-2c82-4a77-bd22-177542b0a9e2,Native,False,True,"kpi / =	if(vToDate='Today Flag', 'Today',
	if(vToDate='Yesterday Flag', 'Yesterday',
	if(vToDate='Last Week Flag', 'Last Week', 
    if(vToDate='MTD', 'Month to Date', 
    if(vToDate='Previous Month Flag', 'Last Month', 
    if(vToDate='YTD Flag', 'Year to Date','Last Year')))))) (377d0b77-201f-44ab-a31b-dc2e5f25ef49)",Contribution Overview,efe7081f-49b4-48f7-a30f-533b8a4d93f0,0.005,,0,0,1,False,3.4.5,8107
KvwtB,CustomSheetMenu,,,Extension,True,False,CustomSheetMenu / [no title] (KvwtB),Contribution Overview,efe7081f-49b4-48f7-a30f-533b8a4d93f0,0,,0,0,1,False,3.4.5,8109
dfa33260-b885-4eae-b484-d9259f0a9b53,filterpane,"=Repeat(CHR(160),3) & 'Choose A Filter'",648f4cbe-fbee-41ed-9b3d-df83a04ebadc,Native,False,True,"filterpane / =Repeat(CHR(160),3) & 'Choose A Filter' (dfa33260-b885-4eae-b484-d9259f0a9b53)",<Master Library>,,0,,0,0,0,False,3.4.5,8111
90f51e46-44af-4c79-a0fb-7d04a26c1082,qlik-variable-input,Table Layout,fc708c46-da4a-45c2-b4f5-bb295d73951f,Extension,False,True,qlik-variable-input / Table Layout (90f51e46-44af-4c79-a0fb-7d04a26c1082),<Master Library>,,0,,0,0,0,False,3.4.5,8113
f83fc960-a66b-4a99-8dd2-93e07840865a,filterpane,Custom Reporting: Coheus Measures Filter,d7db2f43-9f1b-43da-8799-f1f966425931,Native,False,True,filterpane / Custom Reporting: Coheus Measures Filter (f83fc960-a66b-4a99-8dd2-93e07840865a),<Master Library>,,0,,0,0,0,False,3.4.5,8116
a1ec270c-9964-41e5-901c-3739c7b44fa6,filterpane,Custom Reporting: Measures Filter,4b9aba42-0285-4684-9f41-867293f993f4,Native,False,True,filterpane / Custom Reporting: Measures Filter (a1ec270c-9964-41e5-901c-3739c7b44fa6),<Master Library>,,0,,0,0,0,False,3.4.5,8118
f311defb-9041-41d2-8264-c2bbfd4acefc,qlik-variable-input,Choose Table Measure,844d2fba-b325-48a9-8eb8-1d24990cbfdb,Extension,False,True,qlik-variable-input / Choose Table Measure (f311defb-9041-41d2-8264-c2bbfd4acefc),<Master Library>,,0,,0,0,0,False,3.4.5,8120
b008ad77-c779-4a6d-b19c-1750f3ab0e00,filterpane,Custom Reporting: Coheus Fields Filter,d2852992-dab6-435f-87a6-4d35f86f3625,Native,False,True,filterpane / Custom Reporting: Coheus Fields Filter (b008ad77-c779-4a6d-b19c-1750f3ab0e00),<Master Library>,,0,,0,0,0,False,3.4.5,8122
89f8b87d-910f-47ec-b39f-804d0e76a7e0,filterpane,Custom Reporting: Additional Fields Filter,059094ef-7bd0-4584-9abb-6d7126a2e644,Native,False,True,filterpane / Custom Reporting: Additional Fields Filter (89f8b87d-910f-47ec-b39f-804d0e76a7e0),<Master Library>,,0,,0,0,0,False,3.4.5,8124
2390ea38-303d-4d63-b8c3-3c57d1c63a97,filterpane,Custom Reporting: Dimensions Filter,78f5b7f6-9ff4-4a81-a0d8-e5002d69329a,Native,False,True,filterpane / Custom Reporting: Dimensions Filter (2390ea38-303d-4d63-b8c3-3c57d1c63a97),<Master Library>,,0,,0,0,0,False,3.4.5,8126
fa4997a5-c7ae-4f24-99a5-be33be55e5c9,qlik-variable-input,Choose Table Dimension,0fa6495f-c585-41bb-98c1-3e11da991574,Extension,False,True,qlik-variable-input / Choose Table Dimension (fa4997a5-c7ae-4f24-99a5-be33be55e5c9),<Master Library>,,0,,0,0,0,False,3.4.5,8128
YjCSB,sn-layout-container,Custom Reporting: Controls,2a5d6459-ad38-4151-b3ad-b5806f90ae50,Extension,False,True,sn-layout-container / Custom Reporting: Controls (YjCSB),Custom Reporting,12756f8c-bb3f-419c-a697-6486f1b809cc,0,,0,0,1,False,3.4.5,8130
2fb2d0f1-9c0c-481c-84ee-588ba682a7fd,listbox,"='Filter On $(=SubField(GetFieldSelections(CoheusReportFilter,', ',$(=Count({1}CoheusReportFilter))),', ',1))'",,Native,False,True,"listbox / ='Filter On $(=SubField(GetFieldSelections(CoheusReportFilter,', ',$(=Count({1}CoheusReportFilter))),', ',1))' (2fb2d0f1-9c0c-481c-84ee-588ba682a7fd)",<Master Library>,,0.005,,1,0,0,False,3.4.5,8131
FSCjumf,filterpane,Custom Reporting: Filter On Filter Pane,1441b278-71ea-4eb9-97d6-ea2f9ee4135d,Native,False,True,filterpane / Custom Reporting: Filter On Filter Pane (FSCjumf),Custom Reporting,12756f8c-bb3f-419c-a697-6486f1b809cc,0,,0,0,1,False,3.4.5,8133
gLVMNFJ,action-button,Custom Reporting: Default Bookmark Button,ccf84964-09ac-4ee4-a1ea-439eed0c3736,Native,False,True,action-button / Custom Reporting: Default Bookmark Button (gLVMNFJ),Custom Reporting,12756f8c-bb3f-419c-a697-6486f1b809cc,0,,0,0,1,False,3.4.5,8134
f2595a86-4caf-4753-9fc3-25018933be5a,pivot-table,='Currently Editing $(vCustomReportView) Pivot Report',dfa9fd99-8b2c-4b2b-9026-a438f035cf10,Native,False,True,pivot-table / ='Currently Editing $(vCustomReportView) Pivot Report' (f2595a86-4caf-4753-9fc3-25018933be5a),<Master Library>,,0.078,,0,0,0,True,3.4.5,8166
c77b539a-9e21-407c-9be6-ba624e1f01a9,table,='Currently Editing $(vCustomReportView) Report',10b942d2-ab43-4225-865a-1f19727f436d,Native,False,True,table / ='Currently Editing $(vCustomReportView) Report' (c77b539a-9e21-407c-9be6-ba624e1f01a9),<Master Library>,,0.079,,0,0,0,True,3.4.5,8192
mQTEWu,container,Custom Reporting: Table Container,1e22fd67-654b-45c3-b8d1-9421823d7a89,Native,False,True,container / Custom Reporting: Table Container (mQTEWu),Custom Reporting,12756f8c-bb3f-419c-a697-6486f1b809cc,0.002,,0,0,1,False,3.4.5,8194
eJbTPUE,CustomSheetMenu,,,Extension,True,False,CustomSheetMenu / [no title] (eJbTPUE),Custom Reporting,12756f8c-bb3f-419c-a697-6486f1b809cc,0,,0,0,1,False,3.4.5,8195
0606b1d2-3ebd-4c25-9244-6a5b776168e4,qlik-variable-input,Select Date Range,,Extension,False,True,qlik-variable-input / Select Date Range (0606b1d2-3ebd-4c25-9244-6a5b776168e4),<Master Library>,,0.005,,0,0,1,False,3.4.5,8197
0f768ea8-e261-4ad4-87d9-ff9b80161046,qlik-variable-input,Select Programs,,Extension,False,True,qlik-variable-input / Select Programs (0f768ea8-e261-4ad4-87d9-ff9b80161046),<Master Library>,,0.002,,0,0,1,False,3.4.5,8199
0fa6495f-c585-41bb-98c1-3e11da991574,qlik-variable-input,Choose Table Dimension,,Extension,False,True,qlik-variable-input / Choose Table Dimension (0fa6495f-c585-41bb-98c1-3e11da991574),<Master Library>,,0.002,,0,0,1,False,3.4.5,8200
18911201-6067-454c-91be-ddf02b94def5,qlik-variable-input,Date Toggle,,Extension,False,True,qlik-variable-input / Date Toggle (18911201-6067-454c-91be-ddf02b94def5),<Master Library>,,0.001,,0,0,1,False,3.4.5,8202
1afb25ca-fcc6-4fe5-932c-caae4df5a1fa,qlik-variable-input,Select Measure,,Extension,False,True,qlik-variable-input / Select Measure (1afb25ca-fcc6-4fe5-932c-caae4df5a1fa),<Master Library>,,0.003,,0,0,1,False,3.4.5,8203
1ddf44bc-6a1f-4891-86ae-e98a6bd2e7e8,sn-text,Loan Officer KPI,,Extension,False,True,sn-text / Loan Officer KPI (1ddf44bc-6a1f-4891-86ae-e98a6bd2e7e8),<Master Library>,,0.004,,0,0,1,False,3.4.5,8205
1e22fd67-654b-45c3-b8d1-9421823d7a89,container,Custom Reporting: Table Container,,Native,False,True,container / Custom Reporting: Table Container (1e22fd67-654b-45c3-b8d1-9421823d7a89),<Master Library>,,0.002,,0,0,1,False,3.4.5,8206
2a5d6459-ad38-4151-b3ad-b5806f90ae50,sn-layout-container,Custom Reporting: Controls,,Extension,False,True,sn-layout-container / Custom Reporting: Controls (2a5d6459-ad38-4151-b3ad-b5806f90ae50),<Master Library>,,0.004,,0,0,1,False,3.4.5,8207
2de4b59b-64a3-4263-8fd6-791c6b2e8b6b,kpi,"=If(vMarginToDate = 'MTD','Month To Date',
	If(vMarginToDate = 'Previous Month Flag','Last Month',
    	If(vMarginToDate = 'QTD','Quarter To Date',
        	If(vMarginToDate = 'YTD Flag','Year To Date',
            	If(vMarginToDate = 'All Time','All Time',
                	If(vMarginToDate = 'Year Previous','Last Year'))))))",,Native,False,True,"kpi / =If(vMarginToDate = 'MTD','Month To Date',
	If(vMarginToDate = 'Previous Month Flag','Last Month',
    	If(vMarginToDate = 'QTD','Quarter To Date',
        	If(vMarginToDate = 'YTD Flag','Year To Date',
            	If(vMarginToDate = 'All Time','All Time',
                	If(vMarginToDate = 'Year Previous','Last Year')))))) (2de4b59b-64a3-4263-8fd6-791c6b2e8b6b)",<Master Library>,,0.004,,0,0,1,False,3.4.5,8209
38535ffa-4d93-456d-b274-6d146c00cca8,qlik-variable-input,Choose Scorecard View,,Extension,False,True,qlik-variable-input / Choose Scorecard View (38535ffa-4d93-456d-b274-6d146c00cca8),<Master Library>,,0.002,,0,0,1,False,3.4.5,8210
3b5fff68-9206-4fcf-a14c-8a53f5ff7246,qlik-variable-input,Select Date Range,,Extension,False,True,qlik-variable-input / Select Date Range (3b5fff68-9206-4fcf-a14c-8a53f5ff7246),<Master Library>,,0.002,,0,0,1,False,3.4.5,8212
3f268ca1-a9d0-4fe3-aca1-a39cf3212392,qlik-variable-input,Select an Actor,,Extension,False,True,qlik-variable-input / Select an Actor (3f268ca1-a9d0-4fe3-aca1-a39cf3212392),<Master Library>,,0.001,,0,0,1,False,3.4.5,8214
4f8f4431-e7d4-419c-9510-5baa949fc251,qlik-variable-input,Status Toggle,,Extension,False,True,qlik-variable-input / Status Toggle (4f8f4431-e7d4-419c-9510-5baa949fc251),<Master Library>,,0.002,,0,0,1,False,3.4.5,8215
614b9b3f-e96a-4b4c-92be-73ef9fd6793d,qlik-variable-input,Select an Entity,,Extension,False,True,qlik-variable-input / Select an Entity (614b9b3f-e96a-4b4c-92be-73ef9fd6793d),<Master Library>,,0.002,,0,0,0,False,3.4.5,8217
79c5fc91-2683-4385-9bec-0161cddff3f7,kpi,"=If(vMarginToDate = 'MTD','Month To Date',
	If(vMarginToDate = 'Previous Month Flag','Last Month',
    	If(vMarginToDate = 'QTD','Quarter To Date',
        	If(vMarginToDate = 'YTD Flag','Year To Date',
            	If(vMarginToDate = 'All Time','All Time',
                	If(vMarginToDate = 'Year Previous','Last Year'))))))",,Native,False,True,"kpi / =If(vMarginToDate = 'MTD','Month To Date',
	If(vMarginToDate = 'Previous Month Flag','Last Month',
    	If(vMarginToDate = 'QTD','Quarter To Date',
        	If(vMarginToDate = 'YTD Flag','Year To Date',
            	If(vMarginToDate = 'All Time','All Time',
                	If(vMarginToDate = 'Year Previous','Last Year')))))) (79c5fc91-2683-4385-9bec-0161cddff3f7)",<Master Library>,,0.005,,0,0,1,False,3.4.5,8218
844d2fba-b325-48a9-8eb8-1d24990cbfdb,qlik-variable-input,Choose Table Measure,,Extension,False,True,qlik-variable-input / Choose Table Measure (844d2fba-b325-48a9-8eb8-1d24990cbfdb),<Master Library>,,0.002,,0,0,1,False,3.4.5,8220
8a5438cf-7455-4fea-8365-d86e20dbbc95,container,Volume By Loan Purpose,,Native,False,True,container / Volume By Loan Purpose (8a5438cf-7455-4fea-8365-d86e20dbbc95),<Master Library>,,0.002,,0,0,1,False,3.4.5,8221
97a661cb-f127-4db4-ae23-b05a8bb14406,qlik-variable-input,Date Type Toggle,,Extension,False,True,qlik-variable-input / Date Type Toggle (97a661cb-f127-4db4-ae23-b05a8bb14406),<Master Library>,,0.002,,0,0,1,False,3.4.5,8223
9fdcf962-a2e8-4f3a-b175-ebcdd1ec27ed,qlik-variable-input,Select a Channel,,Extension,False,True,qlik-variable-input / Select a Channel (9fdcf962-a2e8-4f3a-b175-ebcdd1ec27ed),<Master Library>,,0.002,,0,0,1,False,3.4.5,8224
a49251bb-891e-42d4-818d-190312eb14c1,kpi,"=If(vMarginToDate = 'MTD','Month To Date',
	If(vMarginToDate = 'Previous Month Flag','Last Month',
    	If(vMarginToDate = 'QTD','Quarter To Date',
        	If(vMarginToDate = 'YTD Flag','Year To Date',
            	If(vMarginToDate = 'All Time','All Time',
                	If(vMarginToDate = 'Year Previous','Last Year'))))))",,Native,False,True,"kpi / =If(vMarginToDate = 'MTD','Month To Date',
	If(vMarginToDate = 'Previous Month Flag','Last Month',
    	If(vMarginToDate = 'QTD','Quarter To Date',
        	If(vMarginToDate = 'YTD Flag','Year To Date',
            	If(vMarginToDate = 'All Time','All Time',
                	If(vMarginToDate = 'Year Previous','Last Year')))))) (a49251bb-891e-42d4-818d-190312eb14c1)",<Master Library>,,0.005,,0,0,1,False,3.4.5,8225
a56ba784-c579-4090-b6a2-a99dd551b19f,qlik-variable-input,Choose A Channel,,Extension,False,True,qlik-variable-input / Choose A Channel (a56ba784-c579-4090-b6a2-a99dd551b19f),<Master Library>,,0.002,,0,0,1,False,3.4.5,8227
a6328ace-089a-48ba-86b9-4e3a5f49282d,qlik-variable-input,DimVariable,,Extension,False,True,qlik-variable-input / DimVariable (a6328ace-089a-48ba-86b9-4e3a5f49282d),<Master Library>,,0.001,,0,0,0,False,3.4.5,8229
b45a28aa-f143-415c-b9d6-5fdc9c484621,kpi,"=If(vMarginToDate = 'MTD','Month To Date',
	If(vMarginToDate = 'Previous Month Flag','Last Month',
    	If(vMarginToDate = 'QTD','Quarter To Date',
        	If(vMarginToDate = 'YTD Flag','Year To Date',
            	If(vMarginToDate = 'All Time','All Time',
                	If(vMarginToDate = 'Year Previous','Last Year'))))))",,Native,False,True,"kpi / =If(vMarginToDate = 'MTD','Month To Date',
	If(vMarginToDate = 'Previous Month Flag','Last Month',
    	If(vMarginToDate = 'QTD','Quarter To Date',
        	If(vMarginToDate = 'YTD Flag','Year To Date',
            	If(vMarginToDate = 'All Time','All Time',
                	If(vMarginToDate = 'Year Previous','Last Year')))))) (b45a28aa-f143-415c-b9d6-5fdc9c484621)",<Master Library>,,0.004,,0,0,1,False,3.4.5,8230
b66c5701-3899-46f3-ad20-ccd2d840032a,qlik-variable-input,Select an Entity,,Extension,False,True,qlik-variable-input / Select an Entity (b66c5701-3899-46f3-ad20-ccd2d840032a),<Master Library>,,0.002,,0,0,1,False,3.4.5,8232
c13a703d-1aef-4417-9a5c-ce8fd3cb674b,container,Loan Officer Report Container,,Native,False,True,container / Loan Officer Report Container (c13a703d-1aef-4417-9a5c-ce8fd3cb674b),<Master Library>,,0.005,,0,0,1,False,3.4.5,8233
c332ad29-0920-48ee-b182-9c842d4a40f9,qlik-variable-input,Select an Actor,,Extension,False,True,qlik-variable-input / Select an Actor (c332ad29-0920-48ee-b182-9c842d4a40f9),<Master Library>,,0.002,,0,0,0,False,3.4.5,8235
ccf84964-09ac-4ee4-a1ea-439eed0c3736,action-button,Custom Reporting: Default Bookmark Button,,Native,False,True,action-button / Custom Reporting: Default Bookmark Button (ccf84964-09ac-4ee4-a1ea-439eed0c3736),<Master Library>,,0.001,,0,0,1,False,3.4.5,8237
d92361d6-a73f-45b1-bb63-deb19ba7ed8d,qlik-variable-input,Scorecard Measure Toggle,,Extension,False,True,qlik-variable-input / Scorecard Measure Toggle (d92361d6-a73f-45b1-bb63-deb19ba7ed8d),<Master Library>,,0.002,,0,0,1,False,3.4.5,8238
eb2d4975-139c-4f02-b43b-1ea0cf2865b5,qlik-variable-input,Select Date Range,,Extension,False,True,qlik-variable-input / Select Date Range (eb2d4975-139c-4f02-b43b-1ea0cf2865b5),<Master Library>,,0.002,,0,0,1,False,3.4.5,8240
f1672b79-7e8b-4d2b-ae2f-dd6d31a6b195,qlik-variable-input,Select Measure,,Extension,False,True,qlik-variable-input / Select Measure (f1672b79-7e8b-4d2b-ae2f-dd6d31a6b195),<Master Library>,,0.002,,0,0,1,False,3.4.5,8241
f68c957b-7bb6-4b71-a7c6-50bb247841a1,qlik-variable-input,Choose A Channel,,Extension,False,True,qlik-variable-input / Choose A Channel (f68c957b-7bb6-4b71-a7c6-50bb247841a1),<Master Library>,,0.002,,0,0,0,False,3.4.5,8243
f9fb1953-2c82-4a77-bd22-177542b0a9e2,kpi,"=	if(vToDate='Today Flag', 'Today',
	if(vToDate='Yesterday Flag', 'Yesterday',
	if(vToDate='Last Week Flag', 'Last Week', 
    if(vToDate='MTD', 'Month to Date', 
    if(vToDate='Previous Month Flag', 'Last Month', 
    if(vToDate='YTD Flag', 'Year to Date','Last Year'))))))",,Native,False,True,"kpi / =	if(vToDate='Today Flag', 'Today',
	if(vToDate='Yesterday Flag', 'Yesterday',
	if(vToDate='Last Week Flag', 'Last Week', 
    if(vToDate='MTD', 'Month to Date', 
    if(vToDate='Previous Month Flag', 'Last Month', 
    if(vToDate='YTD Flag', 'Year to Date','Last Year')))))) (f9fb1953-2c82-4a77-bd22-177542b0a9e2)",<Master Library>,,0.006,,0,0,1,False,3.4.5,8244
fc708c46-da4a-45c2-b4f5-bb295d73951f,qlik-variable-input,Table Layout,,Extension,False,True,qlik-variable-input / Table Layout (fc708c46-da4a-45c2-b4f5-bb295d73951f),<Master Library>,,0.002,,0,0,1,False,3.4.5,8246
17120b72-a4db-451c-b744-de9e714741ac,table,=Upper('$(vChannelGroup)')&': Scorecard Detail',,Native,False,True,table / =Upper('$(vChannelGroup)')&': Scorecard Detail' (17120b72-a4db-451c-b744-de9e714741ac),<Master Library>,,0.019,,0,0,1,False,3.4.5,8247
02d5b887-e84e-49c1-ae39-45766940d03e,barchart,Revenue Per Loan,,Native,False,True,barchart / Revenue Per Loan (02d5b887-e84e-49c1-ae39-45766940d03e),<Master Library>,,0.013,,0,0,0,False,3.4.5,8249
059094ef-7bd0-4584-9abb-6d7126a2e644,filterpane,Custom Reporting: Additional Fields Filter,,Native,False,True,filterpane / Custom Reporting: Additional Fields Filter (059094ef-7bd0-4584-9abb-6d7126a2e644),<Master Library>,,0.001,,0,0,1,False,3.4.5,8250
175ea1c1-1c57-4cc7-87d8-6926ff19486d,listbox,Additional Fields,,Native,False,True,listbox / Additional Fields (175ea1c1-1c57-4cc7-87d8-6926ff19486d),<Master Library>,,0.001,,0,0,0,False,3.4.5,8251
07058992-51ca-4a23-b5a5-4557c76da4b5,filterpane,Locked Flag Filter,,Native,False,True,filterpane / Locked Flag Filter (07058992-51ca-4a23-b5a5-4557c76da4b5),<Master Library>,,0.001,,0,0,1,False,3.4.5,8252
0915cc72-6876-4b52-a1f6-218d3cee9554,piechart,"='% Share Of $(=SubField(GetFieldSelections(PieMeasures,', ',$(=Count({1}PieMeasures))),', ',1)) By '&
If('$(vPieAdditionalToggle)'='Additional Fields' AND GetSelectedCount(BarAdditional)>0,'$(=SubField(GetFieldSelections(PieAdditional,', ',$(=Count({1}PieAdditional))),', ',1))','$(=SubField(GetFieldSelections(PieDimensions,', ',$(=Count({1}PieDimensions))),', ',1))')",,Native,False,True,"piechart / ='% Share Of $(=SubField(GetFieldSelections(PieMeasures,', ',$(=Count({1}PieMeasures))),', ',1)) By '&
If('$(vPieAdditionalToggle)'='Additional Fields' AND GetSelectedCount(BarAdditional)>0,'$(=SubField(GetFieldSelections(PieAdditional,', ',$(=Count({1}PieAdditional))),', ',1))','$(=SubField(GetFieldSelections(PieDimensions,', ',$(=Count({1}PieDimensions))),', ',1))') (0915cc72-6876-4b52-a1f6-218d3cee9554)",<Master Library>,,0.015,,1,1,0,False,3.4.5,8254
0b6963e0-eb0f-4fe5-af51-2d5d41ab9c7a,table,Detail_AllLoans,,Native,False,True,table / Detail_AllLoans (0b6963e0-eb0f-4fe5-af51-2d5d41ab9c7a),<Master Library>,,0.057,,67,0,0,False,3.4.5,8257
0e76f565-490c-4000-b883-62fb5c20be92,barchart,='$(vProgramMeasure) By Doc Type',,Native,False,True,barchart / ='$(vProgramMeasure) By Doc Type' (0e76f565-490c-4000-b883-62fb5c20be92),<Master Library>,,0.005,,1,1,1,False,3.4.5,8259
0eabfa37-7263-48c6-a56d-269cf1530a62,filterpane,Account Executive Filter,,Native,False,True,filterpane / Account Executive Filter (0eabfa37-7263-48c6-a56d-269cf1530a62),<Master Library>,,0.001,,0,0,1,False,3.4.5,8260
10b942d2-ab43-4225-865a-1f19727f436d,table,='Currently Editing $(vCustomReportView) Report',,Native,False,True,table / ='Currently Editing $(vCustomReportView) Report' (10b942d2-ab43-4225-865a-1f19727f436d),<Master Library>,,0.087,,0,0,1,True,3.4.5,8262
10be0818-129d-4ba4-a06d-c8bb634a92c2,filterpane,Originator Loan Officer Name Filter,,Native,False,True,filterpane / Originator Loan Officer Name Filter (10be0818-129d-4ba4-a06d-c8bb634a92c2),<Master Library>,,0.002,,0,0,1,False,3.4.5,8263
110e9299-92ab-44c6-9d8e-13a615a3e27b,barchart,Revenue Per Loan,,Native,False,True,barchart / Revenue Per Loan (110e9299-92ab-44c6-9d8e-13a615a3e27b),<Master Library>,,0.01,,0,0,0,False,3.4.5,8264
1441b278-71ea-4eb9-97d6-ea2f9ee4135d,filterpane,Custom Reporting: Filter On Filter Pane,,Native,False,True,filterpane / Custom Reporting: Filter On Filter Pane (1441b278-71ea-4eb9-97d6-ea2f9ee4135d),<Master Library>,,0.002,,0,0,1,False,3.4.5,8265
1464eff4-b9d1-40c5-84bc-37a35a3061a1,table,Detail_OutofRange,,Native,False,True,table / Detail_OutofRange (1464eff4-b9d1-40c5-84bc-37a35a3061a1),<Master Library>,,0.063,,0,0,0,False,3.4.5,8268
156a10b2-e931-4749-983c-4b8850889669,table,Loan Detail,,Native,False,True,table / Loan Detail (156a10b2-e931-4749-983c-4b8850889669),<Master Library>,,0.015,,0,0,1,False,3.4.5,8270
1ca21055-e397-46de-b50d-0ace06ec4509,piechart,='$(vProgramMeasure) By Loan Purpose',,Native,False,True,piechart / ='$(vProgramMeasure) By Loan Purpose' (1ca21055-e397-46de-b50d-0ace06ec4509),<Master Library>,,0.007,,2,0,1,False,3.4.5,8272
1ec200de-b249-4769-99c4-2dfd617c811c,pivot-table,='Custom Pivot Report',,Native,False,True,pivot-table / ='Custom Pivot Report' (1ec200de-b249-4769-99c4-2dfd617c811c),<Master Library>,,0.076,,0,0,0,True,3.4.5,8274
20444f22-04ef-4892-ad28-e794da448451,filterpane,Encompass Instance Filter,,Native,False,True,filterpane / Encompass Instance Filter (20444f22-04ef-4892-ad28-e794da448451),<Master Library>,,0.001,,0,0,1,False,3.4.5,8275
20f9c865-882f-4d5d-b307-57d8f37208c2,filterpane,Broker Lender Name Filter,,Native,False,True,filterpane / Broker Lender Name Filter (20f9c865-882f-4d5d-b307-57d8f37208c2),<Master Library>,,0.002,,0,0,1,False,3.4.5,8277
27182f14-358d-4d2b-b535-789a4b0f126e,barchart,Revenue Per Loan,,Native,False,True,barchart / Revenue Per Loan (27182f14-358d-4d2b-b535-789a4b0f126e),<Master Library>,,0.012,,0,0,0,False,3.4.5,8279
2a5d777f-0199-41a5-a3e0-51a5d64fd996,filterpane,TPO Channels Filter,,Native,False,True,filterpane / TPO Channels Filter (2a5d777f-0199-41a5-a3e0-51a5d64fd996),<Master Library>,,0.001,,0,0,1,False,3.4.5,8281
2e1b72ee-24c1-4ec7-bf8c-361999a4334f,barchart,"=if(GetSelectedCount(Branch)=0,'Branch',GetFieldSelections(Branch,'; '))",,Native,False,True,"barchart / =if(GetSelectedCount(Branch)=0,'Branch',GetFieldSelections(Branch,'; ')) (2e1b72ee-24c1-4ec7-bf8c-361999a4334f)",<Master Library>,,0.006,,0,0,1,False,3.4.5,8282
30fc3a03-df73-4ed6-9c9a-7e6b0f6ac6d4,qlik-date-picker,Application Date Calendar,,Extension,False,True,qlik-date-picker / Application Date Calendar (30fc3a03-df73-4ed6-9c9a-7e6b0f6ac6d4),<Master Library>,,0.003,,0,0,1,False,3.4.5,8283
33bb7cf9-51df-4952-b460-7cdb85db5ad3,qlik-date-picker,Funding Date Calendar,,Extension,False,True,qlik-date-picker / Funding Date Calendar (33bb7cf9-51df-4952-b460-7cdb85db5ad3),<Master Library>,,0.003,,0,0,1,False,3.4.5,8285
425b4761-03b2-40ff-8d3e-464eeacd0baa,filterpane,Occupancy Type Filter,,Native,False,True,filterpane / Occupancy Type Filter (425b4761-03b2-40ff-8d3e-464eeacd0baa),<Master Library>,,0.001,,0,0,1,False,3.4.5,8286
44d19ba3-e6f3-46e0-80bb-ee6f5a8c3720,linechart,Revenue Per Loan,,Native,False,True,linechart / Revenue Per Loan (44d19ba3-e6f3-46e0-80bb-ee6f5a8c3720),<Master Library>,,0.009,,0,0,0,False,3.4.5,8287
4ac9a0a6-903e-41a6-9bc2-9f5c5fcc0180,barchart,Revenue Per Loan,,Native,False,True,barchart / Revenue Per Loan (4ac9a0a6-903e-41a6-9bc2-9f5c5fcc0180),<Master Library>,,0.012,,0,0,0,False,3.4.5,8288
4b9aba42-0285-4684-9f41-867293f993f4,filterpane,Custom Reporting: Measures Filter,,Native,False,True,filterpane / Custom Reporting: Measures Filter (4b9aba42-0285-4684-9f41-867293f993f4),<Master Library>,,0.002,,0,0,1,False,3.4.5,8290
7c65fc46-a158-497b-97c3-43563d1c1710,listbox,Measures,,Native,False,True,listbox / Measures (7c65fc46-a158-497b-97c3-43563d1c1710),<Master Library>,,0.002,,0,0,0,False,3.4.5,8291
4f7b3fae-6914-48b4-8b9d-c452f65ad995,combochart,Revenue Per Loan,,Native,False,True,combochart / Revenue Per Loan (4f7b3fae-6914-48b4-8b9d-c452f65ad995),<Master Library>,,0.011,,0,0,0,False,3.4.5,8293
5222d2f2-a1d6-4434-85b4-a1dcc056ba8a,barchart,"=if(GetSelectedCount(Branch)=0,'Branch',GetFieldSelections(Branch,'; '))",,Native,False,True,"barchart / =if(GetSelectedCount(Branch)=0,'Branch',GetFieldSelections(Branch,'; ')) (5222d2f2-a1d6-4434-85b4-a1dcc056ba8a)",<Master Library>,,0.019,,0,0,1,False,3.4.5,8294
5889415f-25b4-461a-9515-e24d424f2d82,qlik-date-picker,Registration Date Calendar,,Extension,False,True,qlik-date-picker / Registration Date Calendar (5889415f-25b4-461a-9515-e24d424f2d82),<Master Library>,,0.003,,0,0,1,False,3.4.5,8296
5be063b6-a9c5-4d4b-b66e-b1bf55b79b56,barchart,Interest Rates,,Native,False,True,barchart / Interest Rates (5be063b6-a9c5-4d4b-b66e-b1bf55b79b56),<Master Library>,,0.005,,1,1,1,False,3.4.5,8297
63735241-d8b9-4f88-9024-7eac2db2f1b5,linechart,Revenue Performance,,Native,False,True,linechart / Revenue Performance (63735241-d8b9-4f88-9024-7eac2db2f1b5),<Master Library>,,0.007,,0,0,0,False,3.4.5,8299
648f4cbe-fbee-41ed-9b3d-df83a04ebadc,filterpane,"=Repeat(CHR(160),3) & 'Choose A Filter'",,Native,False,True,"filterpane / =Repeat(CHR(160),3) & 'Choose A Filter' (648f4cbe-fbee-41ed-9b3d-df83a04ebadc)",<Master Library>,,0.002,,0,0,1,False,3.4.5,8300
91639a35-9165-41dc-a635-a08be8b717f6,listbox,"='Chosen Filter: $(=SubField(GetFieldSelections(CoheusReportFilter,', ',$(=Count({1}CoheusReportFilter))),', ',1))'",,Native,False,True,"listbox / ='Chosen Filter: $(=SubField(GetFieldSelections(CoheusReportFilter,', ',$(=Count({1}CoheusReportFilter))),', ',1))' (91639a35-9165-41dc-a635-a08be8b717f6)",<Master Library>,,0.003,,0,0,0,False,3.4.5,8302
69847914-9654-4654-a0e2-26e5743777f4,pivot-table,Custom Pivot Report,,Native,False,True,pivot-table / Custom Pivot Report (69847914-9654-4654-a0e2-26e5743777f4),<Master Library>,,0.072,,0,1,0,False,3.4.5,8305
78f5b7f6-9ff4-4a81-a0d8-e5002d69329a,filterpane,Custom Reporting: Dimensions Filter,,Native,False,True,filterpane / Custom Reporting: Dimensions Filter (78f5b7f6-9ff4-4a81-a0d8-e5002d69329a),<Master Library>,,0.001,,0,0,1,False,3.4.5,8306
84ac9e69-0f7b-4d96-84ed-d0d705dcc171,listbox,Dimensions,,Native,False,True,listbox / Dimensions (84ac9e69-0f7b-4d96-84ed-d0d705dcc171),<Master Library>,,0.001,,1,0,0,False,3.4.5,8308
796d6f9a-aff0-469f-b7d3-c64a0ba16606,filterpane,Current Loan Status Filter,,Native,False,True,filterpane / Current Loan Status Filter (796d6f9a-aff0-469f-b7d3-c64a0ba16606),<Master Library>,,0.001,,0,0,1,False,3.4.5,8310
7b0f0da5-0fc1-454b-8f51-504374b1ea44,filterpane,Branch Filter,,Native,False,True,filterpane / Branch Filter (7b0f0da5-0fc1-454b-8f51-504374b1ea44),<Master Library>,,0.001,,0,0,1,False,3.4.5,8311
7d92a9f8-d183-4c74-a07e-eb16ed359f3e,table,"'$(vProgramMeasure) By '&If('$(vProgramDimension)'='Loan Program','Programs',If('$(vProgramDimension)'='Investor','Investors','Categories'))",,Native,False,True,"table / '$(vProgramMeasure) By '&If('$(vProgramDimension)'='Loan Program','Programs',If('$(vProgramDimension)'='Investor','Investors','Categories')) (7d92a9f8-d183-4c74-a07e-eb16ed359f3e)",<Master Library>,,0.023,,12,0,1,False,3.4.5,8312
8119dd60-1370-4531-a725-32e7a5a192c5,pivot-table,"='Drill Down: Branch, '&
If(WildMatch(Concat([Consolidated Channels],','),'*Retail*') AND WildMatch(Concat([Consolidated Channels],','),'*TPO*'),'LO & AE',
			If(WildMatch(Concat([Consolidated Channels],','),'*Retail*'),'Loan Officer','Account Executive'))&
', Loan Type, Loan Purpose'",,Native,False,True,"pivot-table / ='Drill Down: Branch, '&
If(WildMatch(Concat([Consolidated Channels],','),'*Retail*') AND WildMatch(Concat([Consolidated Channels],','),'*TPO*'),'LO & AE',
			If(WildMatch(Concat([Consolidated Channels],','),'*Retail*'),'Loan Officer','Account Executive'))&
', Loan Type, Loan Purpose' (8119dd60-1370-4531-a725-32e7a5a192c5)",<Master Library>,,0.007,,0,0,1,False,3.4.5,8314
8196210f-b21c-435e-82ab-b224f13c9d0b,qlik-date-picker,Current Status Date Calendar,,Extension,False,True,qlik-date-picker / Current Status Date Calendar (8196210f-b21c-435e-82ab-b224f13c9d0b),<Master Library>,,0.003,,0,0,1,False,3.4.5,8315
8279c470-6f39-46af-86c7-394488af0848,table,='Custom Report',,Native,False,True,table / ='Custom Report' (8279c470-6f39-46af-86c7-394488af0848),<Master Library>,,0.091,,0,0,0,True,3.4.5,8318
82ca18c2-3624-4389-b05e-18ca4c5bcaf5,linechart,Revenue Performance,,Native,False,True,linechart / Revenue Performance (82ca18c2-3624-4389-b05e-18ca4c5bcaf5),<Master Library>,,0.004,,0,0,0,False,3.4.5,8320
88ae3064-a416-4129-8c54-874aa461196b,barchart,"=If(GetSelectedCount(BarDimensions)>0 AND GetSelectedCount(BarMeasures)>0 OR GetSelectedCount(BarAdditional)>0 AND GetSelectedCount(BarMeasures)>0,
'$(=SubField(GetFieldSelections(BarMeasures,', ',$(=Count({1}BarMeasures))),', ',1)) Across '&
If('$(vBarAdditionalToggle)'='Additional Fields' AND GetSelectedCount(BarAdditional)>0,'$(=SubField(GetFieldSelections(BarAdditional,', ',$(=Count({1}BarAdditional))),', ',1))','$(=SubField(GetFieldSelections(BarDimensions,', ',$(=Count({1}BarDimensions))),', ',1))')

,
'')",,Native,False,True,"barchart / =If(GetSelectedCount(BarDimensions)>0 AND GetSelectedCount(BarMeasures)>0 OR GetSelectedCount(BarAdditional)>0 AND GetSelectedCount(BarMeasures)>0,
'$(=SubField(GetFieldSelections(BarMeasures,', ',$(=Count({1}BarMeasures))),', ',1)) Across '&
If('$(vBarAdditionalToggle)'='Additional Fields' AND GetSelectedCount(BarAdditional)>0,'$(=SubField(GetFieldSelections(BarAdditional,', ',$(=Count({1}BarAdditional))),', ',1))','$(=SubField(GetFieldSelections(BarDimensions,', ',$(=Count({1}BarDimensions))),', ',1))')

,
'') (88ae3064-a416-4129-8c54-874aa461196b)",<Master Library>,,0.015,,1,1,0,False,3.4.5,8322
8931578e-fbeb-41ca-abf4-b8e61547ae5c,filterpane,Retail Channel Filter,,Native,False,True,filterpane / Retail Channel Filter (8931578e-fbeb-41ca-abf4-b8e61547ae5c),<Master Library>,,0.001,,0,0,1,False,3.4.5,8324
97ed83ef-85b8-497e-bd84-dacb5ae85756,filterpane,Loan Type Filter,,Native,False,True,filterpane / Loan Type Filter (97ed83ef-85b8-497e-bd84-dacb5ae85756),<Master Library>,,0.001,,0,0,1,False,3.4.5,8325
9b60cf0b-d1bd-487c-ab8f-253a8731cb00,table,=chr(160)&chr(160)&'Funded Loan: $(vScorecardActor) Report',,Native,False,True,table / =chr(160)&chr(160)&'Funded Loan: $(vScorecardActor) Report' (9b60cf0b-d1bd-487c-ab8f-253a8731cb00),<Master Library>,,0.015,,0,0,1,False,3.4.5,8326
a54d6958-dbd4-4d41-9d02-13dfbf757329,qlik-date-picker,Closing Date Calendar,,Extension,False,True,qlik-date-picker / Closing Date Calendar (a54d6958-dbd4-4d41-9d02-13dfbf757329),<Master Library>,,0.003,,0,0,1,False,3.4.5,8327
aad7e762-a8cc-4d4a-b3c4-de3f7ec146e0,table,Revenue Contribution,,Native,False,True,table / Revenue Contribution (aad7e762-a8cc-4d4a-b3c4-de3f7ec146e0),<Master Library>,,0.008,,0,0,1,False,3.4.5,8329
ab4e5396-0e19-4e46-b348-a182ddca1cd1,table,Custom Report,,Native,False,True,table / Custom Report (ab4e5396-0e19-4e46-b348-a182ddca1cd1),<Master Library>,,0.058,,0,1,0,False,3.4.5,8331
adb48b95-3850-41b6-b274-efd3ad9308ed,filterpane,Channel Filter,,Native,False,True,filterpane / Channel Filter (adb48b95-3850-41b6-b274-efd3ad9308ed),<Master Library>,,0.001,,0,0,1,False,3.4.5,8333
b0bd0cf9-8c11-4d87-8c1b-84edc6c59ea8,piechart,='$(vProgramMeasure) By Loan Type',,Native,False,True,piechart / ='$(vProgramMeasure) By Loan Type' (b0bd0cf9-8c11-4d87-8c1b-84edc6c59ea8),<Master Library>,,0.006,,2,0,1,False,3.4.5,8335
b4a6019c-77b0-484f-9b09-f2d7602dc71f,filterpane,Product Type Filter,,Native,False,True,filterpane / Product Type Filter (b4a6019c-77b0-484f-9b09-f2d7602dc71f),<Master Library>,,0.001,,0,0,1,False,3.4.5,8336
bc6f7832-9232-4eee-bd60-05a3f4af02e1,linechart,Revenue Per Loan,,Native,False,True,linechart / Revenue Per Loan (bc6f7832-9232-4eee-bd60-05a3f4af02e1),<Master Library>,,0.01,,0,0,0,False,3.4.5,8338
be22c344-a064-407d-930c-b9094edb71f0,combochart,Revenue Per Loan,,Native,False,True,combochart / Revenue Per Loan (be22c344-a064-407d-930c-b9094edb71f0),<Master Library>,,0.012,,0,0,0,False,3.4.5,8339
c066f79b-7c2a-4cf9-ae0b-7105928f0223,linechart,Revenue Per Loan,,Native,False,True,linechart / Revenue Per Loan (c066f79b-7c2a-4cf9-ae0b-7105928f0223),<Master Library>,,0.009,,0,0,0,False,3.4.5,8341
c90936d5-4168-4be6-8076-c36d547492a2,piechart,"='% Share Of $(=SubField(GetFieldSelections(PieMeasures,', ',$(=Count({1}PieMeasures))),', ',1)) By '&
If('$(vPieAdditionalToggle)'='Additional Fields' AND GetSelectedCount(BarAdditional)>0,'$(=SubField(GetFieldSelections(PieAdditional,', ',$(=Count({1}PieAdditional))),', ',1))','$(=SubField(GetFieldSelections(PieDimensions,', ',$(=Count({1}PieDimensions))),', ',1))')",,Native,False,True,"piechart / ='% Share Of $(=SubField(GetFieldSelections(PieMeasures,', ',$(=Count({1}PieMeasures))),', ',1)) By '&
If('$(vPieAdditionalToggle)'='Additional Fields' AND GetSelectedCount(BarAdditional)>0,'$(=SubField(GetFieldSelections(PieAdditional,', ',$(=Count({1}PieAdditional))),', ',1))','$(=SubField(GetFieldSelections(PieDimensions,', ',$(=Count({1}PieDimensions))),', ',1))') (c90936d5-4168-4be6-8076-c36d547492a2)",<Master Library>,,0.013,,1,1,0,False,3.4.5,8342
cc119634-ab87-476e-b8e0-933068411c2f,barchart,"='$(vProgramMeasure) By Program Categories'
",,Native,False,True,"barchart / ='$(vProgramMeasure) By Program Categories'
 (cc119634-ab87-476e-b8e0-933068411c2f)",<Master Library>,,0.021,,2,0,1,False,3.4.5,8343
cc476d2f-cb9e-4c92-917a-1610974014ed,barchart,"If(WildMatch(Concat([Consolidated Channels],','),'*Retail*') AND WildMatch(Concat([Consolidated Channels],','),'*TPO*'),'LO & AE',
			If(WildMatch(Concat([Consolidated Channels],','),'*Retail*'),'Loan Officer','Account Executive'))",,Native,False,True,"barchart / If(WildMatch(Concat([Consolidated Channels],','),'*Retail*') AND WildMatch(Concat([Consolidated Channels],','),'*TPO*'),'LO & AE',
			If(WildMatch(Concat([Consolidated Channels],','),'*Retail*'),'Loan Officer','Account Executive')) (cc476d2f-cb9e-4c92-917a-1610974014ed)",<Master Library>,,0.016,,0,0,1,False,3.4.5,8345
d2852992-dab6-435f-87a6-4d35f86f3625,filterpane,Custom Reporting: Coheus Fields Filter,,Native,False,True,filterpane / Custom Reporting: Coheus Fields Filter (d2852992-dab6-435f-87a6-4d35f86f3625),<Master Library>,,0.001,,0,0,1,False,3.4.5,8347
32c017eb-b439-4f1e-805d-84cf267c692d,listbox,Coheus Fields,,Native,False,True,listbox / Coheus Fields (32c017eb-b439-4f1e-805d-84cf267c692d),<Master Library>,,0.002,,0,0,0,False,3.4.5,8348
d7db2f43-9f1b-43da-8799-f1f966425931,filterpane,Custom Reporting: Coheus Measures Filter,,Native,False,True,filterpane / Custom Reporting: Coheus Measures Filter (d7db2f43-9f1b-43da-8799-f1f966425931),<Master Library>,,0.001,,0,0,1,False,3.4.5,8349
51bb631f-609b-4ad9-aa84-595e8f842424,listbox,Coheus Measures,,Native,False,True,listbox / Coheus Measures (51bb631f-609b-4ad9-aa84-595e8f842424),<Master Library>,,0.001,,0,0,0,False,3.4.5,8350
d9141d06-60aa-4035-9c2c-82dd2d9a1907,table,Detail_InRange,,Native,False,True,table / Detail_InRange (d9141d06-60aa-4035-9c2c-82dd2d9a1907),<Master Library>,,0.06,,0,0,0,False,3.4.5,8351
dfa9fd99-8b2c-4b2b-9026-a438f035cf10,pivot-table,='Currently Editing $(vCustomReportView) Pivot Report',,Native,False,True,pivot-table / ='Currently Editing $(vCustomReportView) Pivot Report' (dfa9fd99-8b2c-4b2b-9026-a438f035cf10),<Master Library>,,0.074,,0,0,1,True,3.4.5,8353
e0dfa51e-bc26-4b84-bdeb-eb309eccfc3f,barchart,Revenue Per Loan,,Native,False,True,barchart / Revenue Per Loan (e0dfa51e-bc26-4b84-bdeb-eb309eccfc3f),<Master Library>,,0.009,,0,0,0,False,3.4.5,8355
e4274e27-f6b9-4c9b-8807-bb5c4046934b,table,"=chr(160)&chr(160)&pick(match(vLock,'No','Yes','*'),'Active Locked Loans','Active Not Locked Loans','Active Total Loans')&' Detail'",,Native,False,True,"table / =chr(160)&chr(160)&pick(match(vLock,'No','Yes','*'),'Active Locked Loans','Active Not Locked Loans','Active Total Loans')&' Detail' (e4274e27-f6b9-4c9b-8807-bb5c4046934b)",<Master Library>,,0.013,,0,0,1,False,3.4.5,8356
e5d9f679-fabd-4631-b619-417dc2dc0d1e,linechart,Revenue Per Loan,,Native,False,True,linechart / Revenue Per Loan (e5d9f679-fabd-4631-b619-417dc2dc0d1e),<Master Library>,,0.01,,0,0,0,False,3.4.5,8358
e697c6a0-56e1-4fc1-b17e-e64d29d2fc40,filterpane,Loan Officer Filter,,Native,False,True,filterpane / Loan Officer Filter (e697c6a0-56e1-4fc1-b17e-e64d29d2fc40),<Master Library>,,0.001,,0,0,1,False,3.4.5,8359
eb2d87b9-314a-48d5-9015-3a272aa16b0d,filterpane,Loan Program Filter,,Native,False,True,filterpane / Loan Program Filter (eb2d87b9-314a-48d5-9015-3a272aa16b0d),<Master Library>,,0.001,,0,0,1,False,3.4.5,8361
eba62b02-eb7b-4b9a-9067-dcf8ead1998a,filterpane,Loan Purpose Filter,,Native,False,True,filterpane / Loan Purpose Filter (eba62b02-eb7b-4b9a-9067-dcf8ead1998a),<Master Library>,,0.001,,0,0,1,False,3.4.5,8362
f087f543-b5d3-429a-b202-552995b65a39,linechart,"=If(GetSelectedCount(LineDimensions)>0 AND GetSelectedCount(LineMeasures)>0 OR GetSelectedCount(LineAdditional)>0 AND GetSelectedCount(LineMeasures)>0,
Replace('$(=SubField(GetFieldSelections(LineMeasures,', ',$(=Count({1}LineMeasures))),', ',1))','_Line','')&' Across '&
If('$(vLineAdditionalToggle)'='Additional Fields' AND GetSelectedCount(BarAdditional)>0,'$(=SubField(GetFieldSelections(LineAdditional,', ',$(=Count({1}LineAdditional))),', ',1))','$(=SubField(GetFieldSelections(LineDimensions,', ',$(=Count({1}LineDimensions))),', ',1))')
,
'')",,Native,False,True,"linechart / =If(GetSelectedCount(LineDimensions)>0 AND GetSelectedCount(LineMeasures)>0 OR GetSelectedCount(LineAdditional)>0 AND GetSelectedCount(LineMeasures)>0,
Replace('$(=SubField(GetFieldSelections(LineMeasures,', ',$(=Count({1}LineMeasures))),', ',1))','_Line','')&' Across '&
If('$(vLineAdditionalToggle)'='Additional Fields' AND GetSelectedCount(BarAdditional)>0,'$(=SubField(GetFieldSelections(LineAdditional,', ',$(=Count({1}LineAdditional))),', ',1))','$(=SubField(GetFieldSelections(LineDimensions,', ',$(=Count({1}LineDimensions))),', ',1))')
,
'') (f087f543-b5d3-429a-b202-552995b65a39)",<Master Library>,,0.014,,2,0,0,False,3.4.5,8364
fbda6264-6d78-4d77-a988-796c9e67647d,table,"=chr(160)&chr(160)&'$(vScorecardActor) Report: '&pick(match(vLock,'No','Yes','*'),'Active Locked Loans','Active Not Locked Loans','Active Total Loans')",,Native,False,True,"table / =chr(160)&chr(160)&'$(vScorecardActor) Report: '&pick(match(vLock,'No','Yes','*'),'Active Locked Loans','Active Not Locked Loans','Active Total Loans') (fbda6264-6d78-4d77-a988-796c9e67647d)",<Master Library>,,0.024,,0,0,1,False,3.4.5,8365
fcd36c0c-477b-4b57-b0ce-40806c22906b,table,=chr(160)&chr(160)&'Funded Loan Detail',,Native,False,True,table / =chr(160)&chr(160)&'Funded Loan Detail' (fcd36c0c-477b-4b57-b0ce-40806c22906b),<Master Library>,,0.012,,0,0,1,False,3.4.5,8367
ff4a477d-abd0-4b04-b7e7-858e7229ca46,table,Loan Detail,,Native,False,True,table / Loan Detail (ff4a477d-abd0-4b04-b7e7-858e7229ca46),<Master Library>,,0.015,,0,0,1,False,3.4.5,8368
